SQL> SELECT SAL*12 AS ANNUAL_SAL FROM EMP
  2  WHERE ENAME IN 'SMITH';

ANNUAL_SAL                                                                                                                                                                                                                                                                                                  
----------                                                                                                                                                                                                                                                                                                  
      9600                                                                                                                                                                                                                                                                                                  

SQL> SELECT ENAME FROM EMP WHERE JOB IN 'CLERK';

ENAME                                                                                                                                                                                                                                                                                                       
----------                                                                                                                                                                                                                                                                                                  
SMITH                                                                                                                                                                                                                                                                                                       
ADAMS                                                                                                                                                                                                                                                                                                       
JAMES                                                                                                                                                                                                                                                                                                       
MILLER                                                                                                                                                                                                                                                                                                      

SQL> SELECT SAL FROM EMP WHERE JOB IN 'SALESMAN';

       SAL                                                                                                                                                                                                                                                                                                  
----------                                                                                                                                                                                                                                                                                                  
      1600                                                                                                                                                                                                                                                                                                  
      1250                                                                                                                                                                                                                                                                                                  
      1250                                                                                                                                                                                                                                                                                                  
      1500                                                                                                                                                                                                                                                                                                  

SQL> SELECT * FROM EMP WHERE SAL>2000;

     EMPNO ENAME      JOB              MGR HIREDATE         SAL       COMM     DEPTNO                                                                                                                                                                                                                       
---------- ---------- --------- ---------- --------- ---------- ---------- ----------                                                                                                                                                                                                                       
      7566 JONES      MANAGER         7839 02-APR-81       2975                    20                                                                                                                                                                                                                       
      7698 BLAKE      MANAGER         7839 01-MAY-81       2850                    30                                                                                                                                                                                                                       
      7782 CLARK      MANAGER         7839 09-JUN-81       2450                    10                                                                                                                                                                                                                       
      7788 SCOTT      ANALYST         7566 19-APR-87       3000                    20                                                                                                                                                                                                                       
      7839 KING       PRESIDENT            17-NOV-81       5000                    10                                                                                                                                                                                                                       
      7902 FORD       ANALYST         7566 03-DEC-81       3000                    20                                                                                                                                                                                                                       

6 rows selected.

SQL> SELECT * FROM EMP WHERE ENAME IN 'JONES';

     EMPNO ENAME      JOB              MGR HIREDATE         SAL       COMM     DEPTNO                                                                                                                                                                                                                       
---------- ---------- --------- ---------- --------- ---------- ---------- ----------                                                                                                                                                                                                                       
      7566 JONES      MANAGER         7839 02-APR-81       2975                    20                                                                                                                                                                                                                       

SQL> SELECT * FROM EMP WHERE HIREDATE>"1-JAN-1981";
SELECT * FROM EMP WHERE HIREDATE>"1-JAN-1981"
                                 *
ERROR at line 1:
ORA-00904: "1-JAN-1981": invalid identifier 


SQL> ED
Wrote file afiedt.buf

  1* SELECT * FROM EMP WHERE HIREDATE>"1-JAN-1981"
SQL> /
SELECT * FROM EMP WHERE HIREDATE>"1-JAN-1981"
                                 *
ERROR at line 1:
ORA-00904: "1-JAN-1981": invalid identifier 


SQL> SELECT * FROM EMP WHERE HIREDATE > TO_DATE('01-JAN-1981', 'DD-MON-YYYY');

     EMPNO ENAME      JOB              MGR HIREDATE         SAL       COMM     DEPTNO                                                                                                                                                                                                                       
---------- ---------- --------- ---------- --------- ---------- ---------- ----------                                                                                                                                                                                                                       
      7499 ALLEN      SALESMAN        7698 20-FEB-81       1600        300         30                                                                                                                                                                                                                       
      7521 WARD       SALESMAN        7698 22-FEB-81       1250        500         30                                                                                                                                                                                                                       
      7566 JONES      MANAGER         7839 02-APR-81       2975                    20                                                                                                                                                                                                                       
      7654 MARTIN     SALESMAN        7698 28-SEP-81       1250       1400         30                                                                                                                                                                                                                       
      7698 BLAKE      MANAGER         7839 01-MAY-81       2850                    30                                                                                                                                                                                                                       
      7782 CLARK      MANAGER         7839 09-JUN-81       2450                    10                                                                                                                                                                                                                       
      7788 SCOTT      ANALYST         7566 19-APR-87       3000                    20                                                                                                                                                                                                                       
      7839 KING       PRESIDENT            17-NOV-81       5000                    10                                                                                                                                                                                                                       
      7844 TURNER     SALESMAN        7698 08-SEP-81       1500          0         30                                                                                                                                                                                                                       
      7876 ADAMS      CLERK           7788 23-MAY-87       1100                    20                                                                                                                                                                                                                       
      7900 JAMES      CLERK           7698 03-DEC-81        950                    30                                                                                                                                                                                                                       
      7902 FORD       ANALYST         7566 03-DEC-81       3000                    20                                                                                                                                                                                                                       
      7934 MILLER     CLERK           7782 23-JAN-82       1300                    10                                                                                                                                                                                                                       

13 rows selected.

SQL> SELECT ENAME,SAL,SAL*12 AS ANNUAL_SAL FROM EMP
  2  WHERE SAL*12 > 12000;

ENAME             SAL ANNUAL_SAL                                                                                                                                                                                                                                                                            
---------- ---------- ----------                                                                                                                                                                                                                                                                            
ALLEN            1600      19200                                                                                                                                                                                                                                                                            
WARD             1250      15000                                                                                                                                                                                                                                                                            
JONES            2975      35700                                                                                                                                                                                                                                                                            
MARTIN           1250      15000                                                                                                                                                                                                                                                                            
BLAKE            2850      34200                                                                                                                                                                                                                                                                            
CLARK            2450      29400                                                                                                                                                                                                                                                                            
SCOTT            3000      36000                                                                                                                                                                                                                                                                            
KING             5000      60000                                                                                                                                                                                                                                                                            
TURNER           1500      18000                                                                                                                                                                                                                                                                            
ADAMS            1100      13200                                                                                                                                                                                                                                                                            
FORD             3000      36000                                                                                                                                                                                                                                                                            
MILLER           1300      15600                                                                                                                                                                                                                                                                            

12 rows selected.

SQL> SELECT EMPNO FROM EMP WHERE DEPTNO IN 30;

     EMPNO                                                                                                                                                                                                                                                                                                  
----------                                                                                                                                                                                                                                                                                                  
      7499                                                                                                                                                                                                                                                                                                  
      7521                                                                                                                                                                                                                                                                                                  
      7654                                                                                                                                                                                                                                                                                                  
      7698                                                                                                                                                                                                                                                                                                  
      7844                                                                                                                                                                                                                                                                                                  
      7900                                                                                                                                                                                                                                                                                                  

6 rows selected.

SQL> SELECT * FROM EMP;

     EMPNO ENAME      JOB              MGR HIREDATE         SAL       COMM     DEPTNO                                                                                                                                                                                                                       
---------- ---------- --------- ---------- --------- ---------- ---------- ----------                                                                                                                                                                                                                       
      7369 SMITH      CLERK           7902 17-DEC-80        800                    20                                                                                                                                                                                                                       
      7499 ALLEN      SALESMAN        7698 20-FEB-81       1600        300         30                                                                                                                                                                                                                       
      7521 WARD       SALESMAN        7698 22-FEB-81       1250        500         30                                                                                                                                                                                                                       
      7566 JONES      MANAGER         7839 02-APR-81       2975                    20                                                                                                                                                                                                                       
      7654 MARTIN     SALESMAN        7698 28-SEP-81       1250       1400         30                                                                                                                                                                                                                       
      7698 BLAKE      MANAGER         7839 01-MAY-81       2850                    30                                                                                                                                                                                                                       
      7782 CLARK      MANAGER         7839 09-JUN-81       2450                    10                                                                                                                                                                                                                       
      7788 SCOTT      ANALYST         7566 19-APR-87       3000                    20                                                                                                                                                                                                                       
      7839 KING       PRESIDENT            17-NOV-81       5000                    10                                                                                                                                                                                                                       
      7844 TURNER     SALESMAN        7698 08-SEP-81       1500          0         30                                                                                                                                                                                                                       
      7876 ADAMS      CLERK           7788 23-MAY-87       1100                    20                                                                                                                                                                                                                       
      7900 JAMES      CLERK           7698 03-DEC-81        950                    30                                                                                                                                                                                                                       
      7902 FORD       ANALYST         7566 03-DEC-81       3000                    20                                                                                                                                                                                                                       
      7934 MILLER     CLERK           7782 23-JAN-82       1300                    10                                                                                                                                                                                                                       

14 rows selected.


SQL> SELECT * FROM EMP WHERE JOB = 'MANAGER';

     EMPNO ENAME      JOB              MGR HIREDATE         SAL       COMM     DEPTNO                                                                                                                                                                                                                       
---------- ---------- --------- ---------- --------- ---------- ---------- ----------                                                                                                                                                                                                                       
      7566 JONES      MANAGER         7839 02-APR-81       2975                    20                                                                                                                                                                                                                       
      7698 BLAKE      MANAGER         7839 01-MAY-81       2850                    30                                                                                                                                                                                                                       
      7782 CLARK      MANAGER         7839 09-JUN-81       2450                    10                                                                                                                                                                                                                       

SQL> SELECT ENAME,HIREDATE FROM EMP WHERE HIREDATE<'1-JAN-1981';

ENAME      HIREDATE                                                                                                                                                                                                                                                                                         
---------- ---------                                                                                                                                                                                                                                                                                        
SMITH      17-DEC-80                                                                                                                                                                                                                                                                                        

SQL> SPOOL OFF;
