SQL> SELECT ENAME,SAL*12 AS ANNUAL_SAL FROM EMP;

ENAME      ANNUAL_SAL                                                                                                                                                                                                                                                                                       
---------- ----------                                                                                                                                                                                                                                                                                       
SMITH            9600                                                                                                                                                                                                                                                                                       
ALLEN           19200                                                                                                                                                                                                                                                                                       
WARD            15000                                                                                                                                                                                                                                                                                       
JONES           35700                                                                                                                                                                                                                                                                                       
MARTIN          15000                                                                                                                                                                                                                                                                                       
BLAKE           34200                                                                                                                                                                                                                                                                                       
CLARK           29400                                                                                                                                                                                                                                                                                       
SCOTT           36000                                                                                                                                                                                                                                                                                       
KING            60000                                                                                                                                                                                                                                                                                       
TURNER          18000                                                                                                                                                                                                                                                                                       
ADAMS           13200                                                                                                                                                                                                                                                                                       
JAMES           11400                                                                                                                                                                                                                                                                                       
FORD            36000                                                                                                                                                                                                                                                                                       
MILLER          15600                                                                                                                                                                                                                                                                                       

14 rows selected.

SQL> ED
Wrote file afiedt.buf

  1* SELECT ENAME,SAL*12 AS ANNUAL_SAL FROM EMP
SQL> /

ENAME      ANNUAL_SAL                                                                                                                                                                                                                                                                                       
---------- ----------                                                                                                                                                                                                                                                                                       
SMITH            9600                                                                                                                                                                                                                                                                                       
ALLEN           19200                                                                                                                                                                                                                                                                                       
WARD            15000                                                                                                                                                                                                                                                                                       
JONES           35700                                                                                                                                                                                                                                                                                       
MARTIN          15000                                                                                                                                                                                                                                                                                       
BLAKE           34200                                                                                                                                                                                                                                                                                       
CLARK           29400                                                                                                                                                                                                                                                                                       
SCOTT           36000                                                                                                                                                                                                                                                                                       
KING            60000                                                                                                                                                                                                                                                                                       
TURNER          18000                                                                                                                                                                                                                                                                                       
ADAMS           13200                                                                                                                                                                                                                                                                                       
JAMES           11400                                                                                                                                                                                                                                                                                       
FORD            36000                                                                                                                                                                                                                                                                                       
MILLER          15600                                                                                                                                                                                                                                                                                       

14 rows selected.

SQL> ED
Wrote file afiedt.buf

  1* SELECT ENAME,((SAL*12)/2) AS ANNUAL_SAL FROM EMP
SQL> /

ENAME      ANNUAL_SAL                                                                                                                                                                                                                                                                                       
---------- ----------                                                                                                                                                                                                                                                                                       
SMITH            4800                                                                                                                                                                                                                                                                                       
ALLEN            9600                                                                                                                                                                                                                                                                                       
WARD             7500                                                                                                                                                                                                                                                                                       
JONES           17850                                                                                                                                                                                                                                                                                       
MARTIN           7500                                                                                                                                                                                                                                                                                       
BLAKE           17100                                                                                                                                                                                                                                                                                       
CLARK           14700                                                                                                                                                                                                                                                                                       
SCOTT           18000                                                                                                                                                                                                                                                                                       
KING            30000                                                                                                                                                                                                                                                                                       
TURNER           9000                                                                                                                                                                                                                                                                                       
ADAMS            6600                                                                                                                                                                                                                                                                                       
JAMES            5700                                                                                                                                                                                                                                                                                       
FORD            18000                                                                                                                                                                                                                                                                                       
MILLER           7800                                                                                                                                                                                                                                                                                       

14 rows selected.

SQL> SELECT ENAME,SAL/2 FROM EMP;

ENAME           SAL/2                                                                                                                                                                                                                                                                                       
---------- ----------                                                                                                                                                                                                                                                                                       
SMITH             400                                                                                                                                                                                                                                                                                       
ALLEN             800                                                                                                                                                                                                                                                                                       
WARD              625                                                                                                                                                                                                                                                                                       
JONES          1487.5                                                                                                                                                                                                                                                                                       
MARTIN            625                                                                                                                                                                                                                                                                                       
BLAKE            1425                                                                                                                                                                                                                                                                                       
CLARK            1225                                                                                                                                                                                                                                                                                       
SCOTT            1500                                                                                                                                                                                                                                                                                       
KING             2500                                                                                                                                                                                                                                                                                       
TURNER            750                                                                                                                                                                                                                                                                                       
ADAMS             550                                                                                                                                                                                                                                                                                       
JAMES             475                                                                                                                                                                                                                                                                                       
FORD             1500                                                                                                                                                                                                                                                                                       
MILLER            650                                                                                                                                                                                                                                                                                       

14 rows selected.

SQL> SELECT * FROM EMP;

     EMPNO ENAME      JOB              MGR HIREDATE         SAL       COMM     DEPTNO                                                                                                                                                                                                                       
---------- ---------- --------- ---------- --------- ---------- ---------- ----------                                                                                                                                                                                                                       
      7369 SMITH      CLERK           7902 17-DEC-80        800                    20                                                                                                                                                                                                                       
      7499 ALLEN      SALESMAN        7698 20-FEB-81       1600        300         30                                                                                                                                                                                                                       
      7521 WARD       SALESMAN        7698 22-FEB-81       1250        500         30                                                                                                                                                                                                                       
      7566 JONES      MANAGER         7839 02-APR-81       2975                    20                                                                                                                                                                                                                       
      7654 MARTIN     SALESMAN        7698 28-SEP-81       1250       1400         30                                                                                                                                                                                                                       
      7698 BLAKE      MANAGER         7839 01-MAY-81       2850                    30                                                                                                                                                                                                                       
      7782 CLARK      MANAGER         7839 09-JUN-81       2450                    10                                                                                                                                                                                                                       
      7788 SCOTT      ANALYST         7566 19-APR-87       3000                    20                                                                                                                                                                                                                       
      7839 KING       PRESIDENT            17-NOV-81       5000                    10                                                                                                                                                                                                                       
      7844 TURNER     SALESMAN        7698 08-SEP-81       1500          0         30                                                                                                                                                                                                                       
      7876 ADAMS      CLERK           7788 23-MAY-87       1100                    20                                                                                                                                                                                                                       
      7900 JAMES      CLERK           7698 03-DEC-81        950                    30                                                                                                                                                                                                                       
      7902 FORD       ANALYST         7566 03-DEC-81       3000                    20                                                                                                                                                                                                                       
      7934 MILLER     CLERK           7782 23-JAN-82       1300                    10                                                                                                                                                                                                                       

14 rows selected.

SQL> SELECT (SAL*12)+2000 FROM EMP;

(SAL*12)+2000                                                                                                                                                                                                                                                                                               
-------------                                                                                                                                                                                                                                                                                               
        11600                                                                                                                                                                                                                                                                                               
        21200                                                                                                                                                                                                                                                                                               
        17000                                                                                                                                                                                                                                                                                               
        37700                                                                                                                                                                                                                                                                                               
        17000                                                                                                                                                                                                                                                                                               
        36200                                                                                                                                                                                                                                                                                               
        31400                                                                                                                                                                                                                                                                                               
        38000                                                                                                                                                                                                                                                                                               
        62000                                                                                                                                                                                                                                                                                               
        20000                                                                                                                                                                                                                                                                                               
        15200                                                                                                                                                                                                                                                                                               
        13400                                                                                                                                                                                                                                                                                               
        38000                                                                                                                                                                                                                                                                                               
        17600                                                                                                                                                                                                                                                                                               

14 rows selected.

SQL> SELECT ENAME,(SAL+COMM) FROM EMP;

ENAME      (SAL+COMM)                                                                                                                                                                                                                                                                                       
---------- ----------                                                                                                                                                                                                                                                                                       
SMITH                                                                                                                                                                                                                                                                                                       
ALLEN            1900                                                                                                                                                                                                                                                                                       
WARD             1750                                                                                                                                                                                                                                                                                       
JONES                                                                                                                                                                                                                                                                                                       
MARTIN           2650                                                                                                                                                                                                                                                                                       
BLAKE                                                                                                                                                                                                                                                                                                       
CLARK                                                                                                                                                                                                                                                                                                       
SCOTT                                                                                                                                                                                                                                                                                                       
KING                                                                                                                                                                                                                                                                                                        
TURNER           1500                                                                                                                                                                                                                                                                                       
ADAMS                                                                                                                                                                                                                                                                                                       
JAMES                                                                                                                                                                                                                                                                                                       
FORD                                                                                                                                                                                                                                                                                                        
MILLER                                                                                                                                                                                                                                                                                                      

14 rows selected.

SQL> SELECT * FROM EMP;

     EMPNO ENAME      JOB              MGR HIREDATE         SAL       COMM     DEPTNO                                                                                                                                                                                                                       
---------- ---------- --------- ---------- --------- ---------- ---------- ----------                                                                                                                                                                                                                       
      7369 SMITH      CLERK           7902 17-DEC-80        800                    20                                                                                                                                                                                                                       
      7499 ALLEN      SALESMAN        7698 20-FEB-81       1600        300         30                                                                                                                                                                                                                       
      7521 WARD       SALESMAN        7698 22-FEB-81       1250        500         30                                                                                                                                                                                                                       
      7566 JONES      MANAGER         7839 02-APR-81       2975                    20                                                                                                                                                                                                                       
      7654 MARTIN     SALESMAN        7698 28-SEP-81       1250       1400         30                                                                                                                                                                                                                       
      7698 BLAKE      MANAGER         7839 01-MAY-81       2850                    30                                                                                                                                                                                                                       
      7782 CLARK      MANAGER         7839 09-JUN-81       2450                    10                                                                                                                                                                                                                       
      7788 SCOTT      ANALYST         7566 19-APR-87       3000                    20                                                                                                                                                                                                                       
      7839 KING       PRESIDENT            17-NOV-81       5000                    10                                                                                                                                                                                                                       
      7844 TURNER     SALESMAN        7698 08-SEP-81       1500          0         30                                                                                                                                                                                                                       
      7876 ADAMS      CLERK           7788 23-MAY-87       1100                    20                                                                                                                                                                                                                       
      7900 JAMES      CLERK           7698 03-DEC-81        950                    30                                                                                                                                                                                                                       
      7902 FORD       ANALYST         7566 03-DEC-81       3000                    20                                                                                                                                                                                                                       
      7934 MILLER     CLERK           7782 23-JAN-82       1300                    10                                                                                                                                                                                                                       

14 rows selected.

SQL> SELECT NVL(COMM,0)+SAL FROM EMP;

NVL(COMM,0)+SAL                                                                                                                                                                                                                                                                                             
---------------                                                                                                                                                                                                                                                                                             
            800                                                                                                                                                                                                                                                                                             
           1900                                                                                                                                                                                                                                                                                             
           1750                                                                                                                                                                                                                                                                                             
           2975                                                                                                                                                                                                                                                                                             
           2650                                                                                                                                                                                                                                                                                             
           2850                                                                                                                                                                                                                                                                                             
           2450                                                                                                                                                                                                                                                                                             
           3000                                                                                                                                                                                                                                                                                             
           5000                                                                                                                                                                                                                                                                                             
           1500                                                                                                                                                                                                                                                                                             
           1100                                                                                                                                                                                                                                                                                             
            950                                                                                                                                                                                                                                                                                             
           3000                                                                                                                                                                                                                                                                                             
           1300                                                                                                                                                                                                                                                                                             

14 rows selected.

SQL> SELECT SAL+50 FROM EMP;

    SAL+50                                                                                                                                                                                                                                                                                                  
----------                                                                                                                                                                                                                                                                                                  
       850                                                                                                                                                                                                                                                                                                  
      1650                                                                                                                                                                                                                                                                                                  
      1300                                                                                                                                                                                                                                                                                                  
      3025                                                                                                                                                                                                                                                                                                  
      1300                                                                                                                                                                                                                                                                                                  
      2900                                                                                                                                                                                                                                                                                                  
      2500                                                                                                                                                                                                                                                                                                  
      3050                                                                                                                                                                                                                                                                                                  
      5050                                                                                                                                                                                                                                                                                                  
      1550                                                                                                                                                                                                                                                                                                  
      1150                                                                                                                                                                                                                                                                                                  
      1000                                                                                                                                                                                                                                                                                                  
      3050                                                                                                                                                                                                                                                                                                  
      1350                                                                                                                                                                                                                                                                                                  

14 rows selected.

SQL> SELECT ENAME,SAL*0.75 FROM EMP;

ENAME        SAL*0.75                                                                                                                                                                                                                                                                                       
---------- ----------                                                                                                                                                                                                                                                                                       
SMITH             600                                                                                                                                                                                                                                                                                       
ALLEN            1200                                                                                                                                                                                                                                                                                       
WARD            937.5                                                                                                                                                                                                                                                                                       
JONES         2231.25                                                                                                                                                                                                                                                                                       
MARTIN          937.5                                                                                                                                                                                                                                                                                       
BLAKE          2137.5                                                                                                                                                                                                                                                                                       
CLARK          1837.5                                                                                                                                                                                                                                                                                       
SCOTT            2250                                                                                                                                                                                                                                                                                       
KING             3750                                                                                                                                                                                                                                                                                       
TURNER           1125                                                                                                                                                                                                                                                                                       
ADAMS             825                                                                                                                                                                                                                                                                                       
JAMES           712.5                                                                                                                                                                                                                                                                                       
FORD             2250                                                                                                                                                                                                                                                                                       
MILLER            975                                                                                                                                                                                                                                                                                       

14 rows selected.

SQL> SELECT ENAME,((SAL*12)*0.9 FROM EMP;
SELECT ENAME,((SAL*12)*0.9 FROM EMP
                           *
ERROR at line 1:
ORA-00907: missing right parenthesis 


SQL> ED
Wrote file afiedt.buf

  1* SELECT ENAME,((SAL*12)*0.9) FROM EMP
SQL> /

ENAME      ((SAL*12)*0.9)                                                                                                                                                                                                                                                                                   
---------- --------------                                                                                                                                                                                                                                                                                   
SMITH                8640                                                                                                                                                                                                                                                                                   
ALLEN               17280                                                                                                                                                                                                                                                                                   
WARD                13500                                                                                                                                                                                                                                                                                   
JONES               32130                                                                                                                                                                                                                                                                                   
MARTIN              13500                                                                                                                                                                                                                                                                                   
BLAKE               30780                                                                                                                                                                                                                                                                                   
CLARK               26460                                                                                                                                                                                                                                                                                   
SCOTT               32400                                                                                                                                                                                                                                                                                   
KING                54000                                                                                                                                                                                                                                                                                   
TURNER              16200                                                                                                                                                                                                                                                                                   
ADAMS               11880                                                                                                                                                                                                                                                                                   
JAMES               10260                                                                                                                                                                                                                                                                                   
FORD                32400                                                                                                                                                                                                                                                                                   
MILLER              14040                                                                                                                                                                                                                                                                                   

14 rows selected.

SQL> SELECT ENAME,JOB , SAL-100 FROM EMP;

ENAME      JOB          SAL-100                                                                                                                                                                                                                                                                             
---------- --------- ----------                                                                                                                                                                                                                                                                             
SMITH      CLERK            700                                                                                                                                                                                                                                                                             
ALLEN      SALESMAN        1500                                                                                                                                                                                                                                                                             
WARD       SALESMAN        1150                                                                                                                                                                                                                                                                             
JONES      MANAGER         2875                                                                                                                                                                                                                                                                             
MARTIN     SALESMAN        1150                                                                                                                                                                                                                                                                             
BLAKE      MANAGER         2750                                                                                                                                                                                                                                                                             
CLARK      MANAGER         2350                                                                                                                                                                                                                                                                             
SCOTT      ANALYST         2900                                                                                                                                                                                                                                                                             
KING       PRESIDENT       4900                                                                                                                                                                                                                                                                             
TURNER     SALESMAN        1400                                                                                                                                                                                                                                                                             
ADAMS      CLERK           1000                                                                                                                                                                                                                                                                             
JAMES      CLERK            850                                                                                                                                                                                                                                                                             
FORD       ANALYST         2900                                                                                                                                                                                                                                                                             
MILLER     CLERK           1200                                                                                                                                                                                                                                                                             

14 rows selected.

SQL> SPOOL OFF;
