SQL> SELECT ENAME FROM EMP
  2  WHERE INSTR(ENAME,'A',1,2)>0 AND INSTR(ENAME,'A',1,3)=0;

ENAME                                                                                                                                                                                                                                                                                                       
----------                                                                                                                                                                                                                                                                                                  
ADAMS                                                                                                                                                                                                                                                                                                       

SQL> SELECT ENAME FROM EMP WHERE INSTR(ENAME,'A')>0;

ENAME                                                                                                                                                                                                                                                                                                       
----------                                                                                                                                                                                                                                                                                                  
ALLEN                                                                                                                                                                                                                                                                                                       
WARD                                                                                                                                                                                                                                                                                                        
MARTIN                                                                                                                                                                                                                                                                                                      
BLAKE                                                                                                                                                                                                                                                                                                       
CLARK                                                                                                                                                                                                                                                                                                       
ADAMS                                                                                                                                                                                                                                                                                                       
JAMES                                                                                                                                                                                                                                                                                                       

7 rows selected.

SQL> SELECT SAL FROM EMP WHERE MOD(SAL,2)!=0;

       SAL                                                                                                                                                                                                                                                                                                  
----------                                                                                                                                                                                                                                                                                                  
      2975                                                                                                                                                                                                                                                                                                  

SQL>  ED
Wrote file afiedt.buf

  1* SELECT SAL FROM EMP WHERE MOD(SAL,2)=0
SQL> /

       SAL                                                                                                                                                                                                                                                                                                  
----------                                                                                                                                                                                                                                                                                                  
       800                                                                                                                                                                                                                                                                                                  
      1600                                                                                                                                                                                                                                                                                                  
      1250                                                                                                                                                                                                                                                                                                  
      1250                                                                                                                                                                                                                                                                                                  
      2850                                                                                                                                                                                                                                                                                                  
      2450                                                                                                                                                                                                                                                                                                  
      3000                                                                                                                                                                                                                                                                                                  
      5000                                                                                                                                                                                                                                                                                                  
      1500                                                                                                                                                                                                                                                                                                  
      1100                                                                                                                                                                                                                                                                                                  
       950                                                                                                                                                                                                                                                                                                  
      3000                                                                                                                                                                                                                                                                                                  
      1300                                                                                                                                                                                                                                                                                                  

13 rows selected.

SQL> ED
Wrote file afiedt.buf

  1* SELECT EID FROM EMP WHERE MOD(EID,2)=0
SQL> /
SELECT EID FROM EMP WHERE MOD(EID,2)=0
                              *
ERROR at line 1:
ORA-00904: "EID": invalid identifier 


SQL> ED
Wrote file afiedt.buf

  1* SELECT EMPNO FROM EMP WHERE MOD(EMPNO,2)=0
SQL> /

     EMPNO                                                                                                                                                                                                                                                                                                  
----------                                                                                                                                                                                                                                                                                                  
      7566                                                                                                                                                                                                                                                                                                  
      7654                                                                                                                                                                                                                                                                                                  
      7698                                                                                                                                                                                                                                                                                                  
      7782                                                                                                                                                                                                                                                                                                  
      7788                                                                                                                                                                                                                                                                                                  
      7844                                                                                                                                                                                                                                                                                                  
      7876                                                                                                                                                                                                                                                                                                  
      7900                                                                                                                                                                                                                                                                                                  
      7902                                                                                                                                                                                                                                                                                                  
      7934                                                                                                                                                                                                                                                                                                  

10 rows selected.

SQL> ED
Wrote file afiedt.buf

  1* SELECT SYSDATE FROM DUAL/
SQL> /
SELECT SYSDATE FROM DUAL/
                        *
ERROR at line 1:
ORA-00933: SQL command not properly ended 


SQL> ED
Wrote file afiedt.buf

  1* SELECT SYSDATE FROM DUAL
SQL> /

SYSDATE                                                                                                                                                                                                                                                                                                     
---------                                                                                                                                                                                                                                                                                                   
16-JUL-24                                                                                                                                                                                                                                                                                                   

SQL> SELECT CURRENT_DATE,SYSDATE,SYSTIMESTAMP FROM DUAL;

CURRENT_D SYSDATE   SYSTIMESTAMP                                                                                                                                                                                                                                                                            
--------- --------- ---------------------------------------------------------------------------                                                                                                                                                                                                             
16-JUL-24 16-JUL-24 16-JUL-24 12.44.12.528000 PM +05:30                                                                                                                                                                                                                                                     

SQL> SELECT MONTHS_BETWEEN('14-JUL-24','14-FEB-23');
SELECT MONTHS_BETWEEN('14-JUL-24','14-FEB-23')
                                             *
ERROR at line 1:
ORA-00923: FROM keyword not found where expected 


SQL> ED
Wrote file afiedt.buf

  1* SELECT MONTHS_BETWEEN('14-JUL-24','14-FEB-23') FROM EMP
SQL> /

MONTHS_BETWEEN('14-JUL-24','14-FEB-23')                                                                                                                                                                                                                                                                     
---------------------------------------                                                                                                                                                                                                                                                                     
                                     17                                                                                                                                                                                                                                                                     
                                     17                                                                                                                                                                                                                                                                     
                                     17                                                                                                                                                                                                                                                                     
                                     17                                                                                                                                                                                                                                                                     
                                     17                                                                                                                                                                                                                                                                     
                                     17                                                                                                                                                                                                                                                                     
                                     17                                                                                                                                                                                                                                                                     
                                     17                                                                                                                                                                                                                                                                     
                                     17                                                                                                                                                                                                                                                                     
                                     17                                                                                                                                                                                                                                                                     
                                     17                                                                                                                                                                                                                                                                     
                                     17                                                                                                                                                                                                                                                                     
                                     17                                                                                                                                                                                                                                                                     
                                     17                                                                                                                                                                                                                                                                     

14 rows selected.

SQL> ED
Wrote file afiedt.buf

  1* SELECT MONTHS_BETWEEN('14-JUL-24','14-FEB-23') FROM DUAL
SQL> /

MONTHS_BETWEEN('14-JUL-24','14-FEB-23')                                                                                                                                                                                                                                                                     
---------------------------------------                                                                                                                                                                                                                                                                     
                                     17                                                                                                                                                                                                                                                                     

SQL> SELECT * FROM EMP;

     EMPNO ENAME      JOB              MGR HIREDATE         SAL       COMM     DEPTNO                                                                                                                                                                                                                       
---------- ---------- --------- ---------- --------- ---------- ---------- ----------                                                                                                                                                                                                                       
      7369 SMITH      CLERK           7902 17-DEC-80        800                    20                                                                                                                                                                                                                       
      7499 ALLEN      SALESMAN        7698 20-FEB-81       1600        300         30                                                                                                                                                                                                                       
      7521 WARD       SALESMAN        7698 22-FEB-81       1250        500         30                                                                                                                                                                                                                       
      7566 JONES      MANAGER         7839 02-APR-81       2975                    20                                                                                                                                                                                                                       
      7654 MARTIN     SALESMAN        7698 28-SEP-81       1250       1400         30                                                                                                                                                                                                                       
      7698 BLAKE      MANAGER         7839 01-MAY-81       2850                    30                                                                                                                                                                                                                       
      7782 CLARK      MANAGER         7839 09-JUN-81       2450                    10                                                                                                                                                                                                                       
      7788 SCOTT      ANALYST         7566 19-APR-87       3000                    20                                                                                                                                                                                                                       
      7839 KING       PRESIDENT            17-NOV-81       5000                    10                                                                                                                                                                                                                       
      7844 TURNER     SALESMAN        7698 08-SEP-81       1500          0         30                                                                                                                                                                                                                       
      7876 ADAMS      CLERK           7788 23-MAY-87       1100                    20                                                                                                                                                                                                                       
      7900 JAMES      CLERK           7698 03-DEC-81        950                    30                                                                                                                                                                                                                       
      7902 FORD       ANALYST         7566 03-DEC-81       3000                    20                                                                                                                                                                                                                       
      7934 MILLER     CLERK           7782 23-JAN-82       1300                    10                                                                                                                                                                                                                       

14 rows selected.

SQL> SELECT ENAME FROM EMP WHERE HIREDATE MONTHS_BETWEEN ('23-JAN-82','17-DEC-80');
SELECT ENAME FROM EMP WHERE HIREDATE MONTHS_BETWEEN ('23-JAN-82','17-DEC-80')
                                     *
ERROR at line 1:
ORA-00920: invalid relational operator 


SQL> ED
Wrote file afiedt.buf

  1* SELECT MONTHS_BETWEEN('16-JULY-24','17-DEC-80') FROM EMP
SQL> /

MONTHS_BETWEEN('16-JULY-24','17-DEC-80')                                                                                                                                                                                                                                                                    
----------------------------------------                                                                                                                                                                                                                                                                    
                              522.967742                                                                                                                                                                                                                                                                    
                              522.967742                                                                                                                                                                                                                                                                    
                              522.967742                                                                                                                                                                                                                                                                    
                              522.967742                                                                                                                                                                                                                                                                    
                              522.967742                                                                                                                                                                                                                                                                    
                              522.967742                                                                                                                                                                                                                                                                    
                              522.967742                                                                                                                                                                                                                                                                    
                              522.967742                                                                                                                                                                                                                                                                    
                              522.967742                                                                                                                                                                                                                                                                    
                              522.967742                                                                                                                                                                                                                                                                    
                              522.967742                                                                                                                                                                                                                                                                    
                              522.967742                                                                                                                                                                                                                                                                    
                              522.967742                                                                                                                                                                                                                                                                    
                              522.967742                                                                                                                                                                                                                                                                    

14 rows selected.

SQL> ED
Wrote file afiedt.buf

  1* SELECT ROUND(MONTHS_BETWEEN('16-JULY-24','17-DEC-80')) FROM EMP
SQL> /

ROUND(MONTHS_BETWEEN('16-JULY-24','17-DEC-80'))                                                                                                                                                                                                                                                             
-----------------------------------------------                                                                                                                                                                                                                                                             
                                            523                                                                                                                                                                                                                                                             
                                            523                                                                                                                                                                                                                                                             
                                            523                                                                                                                                                                                                                                                             
                                            523                                                                                                                                                                                                                                                             
                                            523                                                                                                                                                                                                                                                             
                                            523                                                                                                                                                                                                                                                             
                                            523                                                                                                                                                                                                                                                             
                                            523                                                                                                                                                                                                                                                             
                                            523                                                                                                                                                                                                                                                             
                                            523                                                                                                                                                                                                                                                             
                                            523                                                                                                                                                                                                                                                             
                                            523                                                                                                                                                                                                                                                             
                                            523                                                                                                                                                                                                                                                             
                                            523                                                                                                                                                                                                                                                             

14 rows selected.

SQL> SPOOL OFF;
