SQL> SELECT ENAME FROM EMP WHERE SAL IN (SELECT MAX(SAL) FROM EMP);

ENAME                                                                                                                                                                                                                                                                                                       
----------                                                                                                                                                                                                                                                                                                  
KING                                                                                                                                                                                                                                                                                                        

SQL> SELECT ENAME FROM EMP WHERE SAL IN (SELECT MIN(SAL) FROM EMP);

ENAME                                                                                                                                                                                                                                                                                                       
----------                                                                                                                                                                                                                                                                                                  
SMITH                                                                                                                                                                                                                                                                                                       

SQL> SELECT ENAME,HIREDATE FROM EMP WHERE HIREDATE IN (SELECT MIN(HIREDATE) FROM EMP);

ENAME      HIREDATE                                                                                                                                                                                                                                                                                         
---------- ---------                                                                                                                                                                                                                                                                                        
SMITH      17-DEC-80                                                                                                                                                                                                                                                                                        

SQL> ED
Wrote file afiedt.buf

  1* SELECT ENAME,HIREDATE FROM EMP WHERE HIREDATE <(SELECT MIN(HIREDATE) FROM EMP)
SQL> /

no rows selected

SQL> ED
Wrote file afiedt.buf

  1* SELECT ENAME,HIREDATE FROM EMP WHERE HIREDATE IN (SELECT MIN(HIREDATE) FROM EMP)
SQL> /

ENAME      HIREDATE                                                                                                                                                                                                                                                                                         
---------- ---------                                                                                                                                                                                                                                                                                        
SMITH      17-DEC-80                                                                                                                                                                                                                                                                                        

SQL> SELECT * FROM EMP;

     EMPNO ENAME      JOB              MGR HIREDATE         SAL       COMM     DEPTNO                                                                                                                                                                                                                       
---------- ---------- --------- ---------- --------- ---------- ---------- ----------                                                                                                                                                                                                                       
      7369 SMITH      CLERK           7902 17-DEC-80        800                    20                                                                                                                                                                                                                       
      7499 ALLEN      SALESMAN        7698 20-FEB-81       1600        300         30                                                                                                                                                                                                                       
      7521 WARD       SALESMAN        7698 22-FEB-81       1250        500         30                                                                                                                                                                                                                       
      7566 JONES      MANAGER         7839 02-APR-81       2975                    20                                                                                                                                                                                                                       
      7654 MARTIN     SALESMAN        7698 28-SEP-81       1250       1400         30                                                                                                                                                                                                                       
      7698 BLAKE      MANAGER         7839 01-MAY-81       2850                    30                                                                                                                                                                                                                       
      7782 CLARK      MANAGER         7839 09-JUN-81       2450                    10                                                                                                                                                                                                                       
      7788 SCOTT      ANALYST         7566 19-APR-87       3000                    20                                                                                                                                                                                                                       
      7839 KING       PRESIDENT            17-NOV-81       5000                    10                                                                                                                                                                                                                       
      7844 TURNER     SALESMAN        7698 08-SEP-81       1500          0         30                                                                                                                                                                                                                       
      7876 ADAMS      CLERK           7788 23-MAY-87       1100                    20                                                                                                                                                                                                                       
      7900 JAMES      CLERK           7698 03-DEC-81        950                    30                                                                                                                                                                                                                       
      7902 FORD       ANALYST         7566 03-DEC-81       3000                    20                                                                                                                                                                                                                       
      7934 MILLER     CLERK           7782 23-JAN-82       1300                    10                                                                                                                                                                                                                       

14 rows selected.

SQL> ED
Wrote file afiedt.buf

  1* SELECT ENAME,HIREDATE FROM EMP WHERE HIREDATE IN (SELECT MAX(HIREDATE) FROM EMP)
SQL> /

ENAME      HIREDATE                                                                                                                                                                                                                                                                                         
---------- ---------                                                                                                                                                                                                                                                                                        
ADAMS      23-MAY-87                                                                                                                                                                                                                                                                                        

SQL> SELECT ENAME,COMM FROM EMP WHERE COMM IN (SELECT MIN(COMM) FROM EMP);

ENAME            COMM                                                                                                                                                                                                                                                                                       
---------- ----------                                                                                                                                                                                                                                                                                       
TURNER              0                                                                                                                                                                                                                                                                                       

SQL> ED
Wrote file afiedt.buf

  1* SELECT ENAME,COMM FROM EMP WHERE COMM IN (SELECT MIN(COMM) FROM EMP WHERE COMM IS NOT NULL)
SQL> /

ENAME            COMM                                                                                                                                                                                                                                                                                       
---------- ----------                                                                                                                                                                                                                                                                                       
TURNER              0                                                                                                                                                                                                                                                                                       

SQL> SELECT ENAME,SAL,COMM FROM EMP WHERE COMM IN (SELECT MAX(COMM) FROM EMP);

ENAME             SAL       COMM                                                                                                                                                                                                                                                                            
---------- ---------- ----------                                                                                                                                                                                                                                                                            
MARTIN           1250       1400                                                                                                                                                                                                                                                                            

SQL> SELECT * FROM EMP WHERE EMPNO IN (SELECT MAX(EMPNO) FROM EMP);

     EMPNO ENAME      JOB              MGR HIREDATE         SAL       COMM     DEPTNO                                                                                                                                                                                                                       
---------- ---------- --------- ---------- --------- ---------- ---------- ----------                                                                                                                                                                                                                       
      7934 MILLER     CLERK           7782 23-JAN-82       1300                    10                                                                                                                                                                                                                       

SQL> SELECT * FROM EMP WHERE HIREDATE IN (SELECT MIN(HIREDATE) FROM EMP);

     EMPNO ENAME      JOB              MGR HIREDATE         SAL       COMM     DEPTNO                                                                                                                                                                                                                       
---------- ---------- --------- ---------- --------- ---------- ---------- ----------                                                                                                                                                                                                                       
      7369 SMITH      CLERK           7902 17-DEC-80        800                    20                                                                                                                                                                                                                       

SQL> SELECT * FROM EMP WHERE SAL*12 IN (SELECT MIN(SAL*12) FROM EMP);

     EMPNO ENAME      JOB              MGR HIREDATE         SAL       COMM     DEPTNO                                                                                                                                                                                                                       
---------- ---------- --------- ---------- --------- ---------- ---------- ----------                                                                                                                                                                                                                       
      7369 SMITH      CLERK           7902 17-DEC-80        800                    20                                                                                                                                                                                                                       

SQL> SELECT ENAME,SAL*12 AS ANNUAL_SAL FROM EMP WHERE SAL*12>(SELECT SAL*12 FROM EMP WHERE JOB='SALESMAN');
SELECT ENAME,SAL*12 AS ANNUAL_SAL FROM EMP WHERE SAL*12>(SELECT SAL*12 FROM EMP WHERE JOB='SALESMAN')
                                                         *
ERROR at line 1:
ORA-01427: single-row subquery returns more than one row 


SQL> ED
Wrote file afiedt.buf

  1* SELECT ENAME,SAL*12 AS ANNUAL_SAL FROM EMP WHERE SAL*12>ALL(SELECT SAL*12 FROM EMP WHERE JOB='SALESMAN')
SQL> /

ENAME      ANNUAL_SAL                                                                                                                                                                                                                                                                                       
---------- ----------                                                                                                                                                                                                                                                                                       
JONES           35700                                                                                                                                                                                                                                                                                       
BLAKE           34200                                                                                                                                                                                                                                                                                       
CLARK           29400                                                                                                                                                                                                                                                                                       
SCOTT           36000                                                                                                                                                                                                                                                                                       
KING            60000                                                                                                                                                                                                                                                                                       
FORD            36000                                                                                                                                                                                                                                                                                       

6 rows selected.

SQL> spool off;
