SQL> SELECT DNAME FROM DEPT WHERE DEPTNO IN (SELECT DEPTNO FROM EMP WHERE ENAME IN 'SMITH');

DNAME                                                                                                                                                                                                                                                                                                       
--------------                                                                                                                                                                                                                                                                                              
RESEARCH                                                                                                                                                                                                                                                                                                    

SQL> SELECT DNAME FROM DEPT WHERE DEPTNO IN (SELECT DEPTNO FROM EMP WHERE ENAME IN 'KIMG');

no rows selected

SQL> ED
Wrote file afiedt.buf

  1* SELECT DNAME,JOB FROM DEPT WHERE DEPTNO IN (SELECT DEPTNO FROM EMP WHERE ENAME IN 'KIMG')
SQL> /
SELECT DNAME,JOB FROM DEPT WHERE DEPTNO IN (SELECT DEPTNO FROM EMP WHERE ENAME IN 'KIMG')
             *
ERROR at line 1:
ORA-00904: "JOB": invalid identifier 


SQL> \ED
SP2-0042: unknown command "\ED" - rest of line ignored.
SQL> ED
Wrote file afiedt.buf

  1* SELECT DNAME,LOC FROM DEPT WHERE DEPTNO IN (SELECT DEPTNO FROM EMP WHERE ENAME IN 'KIMG')
SQL> /

no rows selected

SQL> SELECT LOC FROM DEPT WHERE DEPTNO IN (SELECT DEPTNO FROM EMP WHERE EMPNO IN 7902);

LOC                                                                                                                                                                                                                                                                                                         
-------------                                                                                                                                                                                                                                                                                               
DALLAS                                                                                                                                                                                                                                                                                                      

SQL> SELECT DNAME,LOC,DEPTNO FROM DEPT WHERE DEPTNO IN (SELECT DEPTNO FROM EMP WHERE ENAME LIKE '%R');

DNAME          LOC               DEPTNO                                                                                                                                                                                                                                                                     
-------------- ------------- ----------                                                                                                                                                                                                                                                                     
ACCOUNTING     NEW YORK              10                                                                                                                                                                                                                                                                     
SALES          CHICAGO               30                                                                                                                                                                                                                                                                     

SQL> SELECT DNAME FROM DEPT WHERE DEPTNO IN (SELECT DEPTNO FROM EMP WHERE JOB='PRESIDENT');

DNAME                                                                                                                                                                                                                                                                                                       
--------------                                                                                                                                                                                                                                                                                              
ACCOUNTING                                                                                                                                                                                                                                                                                                  

SQL> SELECT ENAME FROM EMP WHERE DEPTNO IN (SELECT DEPTNO FROM DEPT WHERE DNAME IN 'ACCOUNTING');

ENAME                                                                                                                                                                                                                                                                                                       
----------                                                                                                                                                                                                                                                                                                  
CLARK                                                                                                                                                                                                                                                                                                       
KING                                                                                                                                                                                                                                                                                                        
MILLER                                                                                                                                                                                                                                                                                                      

SQL> SELECT ENAME,SAL FROM EMP WHERE DEPTNO IN (SELECT DEPTNO FROM DEPT WHERE LOC IN 'CHICAGO');

ENAME             SAL                                                                                                                                                                                                                                                                                       
---------- ----------                                                                                                                                                                                                                                                                                       
ALLEN            1600                                                                                                                                                                                                                                                                                       
WARD             1250                                                                                                                                                                                                                                                                                       
MARTIN           1250                                                                                                                                                                                                                                                                                       
BLAKE            2850                                                                                                                                                                                                                                                                                       
TURNER           1500                                                                                                                                                                                                                                                                                       
JAMES             950                                                                                                                                                                                                                                                                                       

6 rows selected.

SQL> SELECT * FROM EMP WHERE DEPTNO IN (SELECT DEPTNO FROM DEPT WHERE DNAME IN 'SALES');

     EMPNO ENAME      JOB              MGR HIREDATE         SAL       COMM     DEPTNO                                                                                                                                                                                                                       
---------- ---------- --------- ---------- --------- ---------- ---------- ----------                                                                                                                                                                                                                       
      7499 ALLEN      SALESMAN        7698 20-FEB-81       1600        300         30                                                                                                                                                                                                                       
      7521 WARD       SALESMAN        7698 22-FEB-81       1250        500         30                                                                                                                                                                                                                       
      7654 MARTIN     SALESMAN        7698 28-SEP-81       1250       1400         30                                                                                                                                                                                                                       
      7698 BLAKE      MANAGER         7839 01-MAY-81       2850                    30                                                                                                                                                                                                                       
      7844 TURNER     SALESMAN        7698 08-SEP-81       1500          0         30                                                                                                                                                                                                                       
      7900 JAMES      CLERK           7698 03-DEC-81        950                    30                                                                                                                                                                                                                       

6 rows selected.

SQL> SELECT ENAME FROM EMP WHERE DEPTNO IN (SELECT DEPTNO FROM DEPT WHERE DNAME IN 'OPERATIONS');

no rows selected

SQL> ED
Wrote file afiedt.buf

  1* SELECT ENAME FROM EMP WHERE DEPTNO IN (SELECT DEPTNO FROM DEPT WHERE DNAME IN 'OPERATIONS')
SQL> /

no rows selected


SQL> SELECT * FROM DEPT;

    DEPTNO DNAME          LOC                                                                                                                                                                                                                                                                               
---------- -------------- -------------                                                                                                                                                                                                                                                                     
        10 ACCOUNTING     NEW YORK                                                                                                                                                                                                                                                                          
        20 RESEARCH       DALLAS                                                                                                                                                                                                                                                                            
        30 SALES          CHICAGO                                                                                                                                                                                                                                                                           
        40 OPERATIONS     BOSTON                                                                                                                                                                                                                                                                            

SQL> SPOOL OFF;
